bot,wins,games,winrate
greedy_bot,355,700,0.5071428571428571
balanced_bot,354,700,0.5057142857142857
progress_bot,352,700,0.5028571428571429
safe_capture_bot,351,700,0.5014285714285714
random_bot,349,700,0.49857142857142855
greedy_finish_bot,347,700,0.4957142857142857
rosette_bot,346,700,0.4942857142857143
capture_bot,346,700,0.4942857142857143
