bot,wins,games,winrate
a_expectimax1,127,180,0.7055555555555556
balanced_bot,120,180,0.6666666666666666
greedy_bot,119,180,0.6611111111111111
safe_capture_bot,107,180,0.5944444444444444
capture_bot,107,180,0.5944444444444444
greedy_finish_bot,94,180,0.5222222222222223
rosette_bot,81,180,0.45
random_bot,71,180,0.39444444444444443
a_expectimax2,47,180,0.2611111111111111
progress_bot,27,180,0.15
